--- Yanjie Liu 10422015

---for populating the deparment table
insert into department values (0,'Mens Shoes');
insert into department values (1,'Womens Shoes');
insert into department values (2,'Boys Shoes');
insert into department values (3,'Girls Shoes');
insert into department values (4,'Baby Shoes');
insert into department values (5,'Mens Clothing');
insert into department values (6,'Womens Clothing');
insert into department values (7,'Boys Clothing');
insert into department values (8,'Girls Clothing');
insert into department values (9,'Baby Clothing');
insert into department values (10,'Cosmetics');
insert into department values (11,'Skincare');
insert into department values (12,'Fragrance');
insert into department values (13,'Gifts');
insert into department values (14,'Books');
insert into department values (15,'Toys');
insert into department values (16,'Electronics');
insert into department values (17,'Furniture');
insert into department values (18,'Kitchen');
insert into department values (19,'Bath');
insert into department values (20,'Bed');
insert into department values (21,'Decor');

---for populating the salesperson table
insert into salesperson values (0,'Jon Allen', 121895.34, 7, 0.16);   
insert into salesperson values (1,'Ricky Madden', 149515.39, 5, 0.27);
insert into salesperson values (2,'Dylan Stanley', 199383.00, 11, 0.40);
insert into salesperson values (3,'Christian Bradley', 103376.32, 19, 0.22);
insert into salesperson values (4,'Jonathon Smith', 144761.85, 2, 0.42);
insert into salesperson values (5,'Kelly Greene', 150264.84, 6, 0.17);
insert into salesperson values (6,'Kimberly Howard', 75603.87, 13, 0.12);
insert into salesperson values (7,'Miguel Estrada', 198477.39, 13, 0.41);
insert into salesperson values (8,'Anthony Ramos', 60062.79, 7, 0.47);
insert into salesperson values (9,'Erica Garza', 157913.02, 18, 0.16);
insert into salesperson values (10,'Tonya Monroe', 150085.43, 1, 0.31);
insert into salesperson values (11,'Mark Lara', 108061.86, 8, 0.38);
insert into salesperson values (12,'Julia Kemp', 95811.04, 21, 0.49);
insert into salesperson values (13,'Trevor White', 77961.45, 15, 0.10);
insert into salesperson values (14,'Mrs. Caitlyn Nguyen', 97854.12, 7, 0.40);
insert into salesperson values (15,'Michael Levine', 66352.72, 12, 0.19);
insert into salesperson values (16,'Mark Johnson', 180745.09, 9, 0.09);
insert into salesperson values (17,'Heather Fischer', 113068.04, 0, 0.47);
insert into salesperson values (18,'Matthew Harris', 154335.02, 10, 0.37);
insert into salesperson values (19,'John Blanchard', 55844.84, 14, 0.47);
insert into salesperson values (20,'Molly Hale', 128457.30, 17, 0.44);
insert into salesperson values (21,'Justin Murphy', 153850.15, 4, 0.32);
insert into salesperson values (22,'Steven Cardenas', 166965.99, 20, 0.05);
insert into salesperson values (23,'Miss Lisa Johnson', 78296.58, 16, 0.48);
insert into salesperson values (24,'Jessica Lowe', 65013.12, 3, 0.33);

---for populating the vendor table
insert into vendor values (0,'Lucas, Taylor and Mitchell Group');
insert into vendor values (1,'Hess Ltd');
insert into vendor values (2,'Mcdonald Group');
insert into vendor values (3,'Smith-Williams Ltd');
insert into vendor values (4,'Fields-Weiss and Sons');
insert into vendor values (5,'Gomez LLC');
insert into vendor values (6,'Gonzalez and Sons Ltd');
insert into vendor values (7,'Lozano, Davis and Collins and Sons');
insert into vendor values (8,'Moyer, Mann and Scott Inc');
insert into vendor values (9,'Ballard-Brown Ltd');
insert into vendor values (10,'Johnson-Goodwin Ltd');
insert into vendor values (11,'Martin, Michael and Hancock Ltd');
insert into vendor values (12,'Paul-Williamson Ltd');
insert into vendor values (13,'Mills, Smith and Morris PLC');
insert into vendor values (14,'Caldwell, Martinez and Norris PLC');
insert into vendor values (15,'Robinson PLC');
insert into vendor values (16,'Deleon-Price PLC');
insert into vendor values (17,'Simmons PLC');
insert into vendor values (18,'Acevedo, Jones and Lee Ltd');
insert into vendor values (19,'Ramos-Davis LLC');

---for populating the merchandise table
insert into merchandise values ('930zmfp37','Tasman Slipper', 397.34, 929, 1, 13, 533, 284.1);
insert into merchandise values ('534rowo78','Forum Mid Sneaker', 55.65, 734, 1, 7, 793, 40.74);
insert into merchandise values ('782nzvu45','Cloud X Training Shoe', 157.65, 743, 1, 8, 52, 83.08);
insert into merchandise values ('037kxds12','Essentials Arizona Waterproof Slide Sandal', 193.92, 951, 2, 1, 295, 105.88);
insert into merchandise values ('897dkun11','Faux Fur Retro Hiking Sneaker', 122.36, 466, 2, 7, 105, 119.18);
insert into merchandise values ('729xcto29','Ultra Mini Boot', 200.9, 934, 2, 8, 644, 166.75);
insert into merchandise values ('697gvqa00','Cloudswift Running Shoe', 26.43, 296, 2, 3, 391, 24.58);
insert into merchandise values ('657pbhk64','Air Force 1 Sneaker', 83.71, 880, 3, 14, 800, 60.27);
insert into merchandise values ('842vngf77','Jefferson Water Friendly Slip-On Vegan Sneaker', 92.14, 33, 4, 1, 782, 90.85);
insert into merchandise values ('222fxpv76','Free Run 2 Toddler Sneaker ', 269.57, 441, 5, 14, 952, 147.45);
insert into merchandise values ('078zaww38','Icon Bomber Jacket', 411.65, 213, 6, 16, 303, 225.58);
insert into merchandise values ('510wofn26','Hank Jogger Pants', 389.7, 428, 6, 19, 180, 370.21);
insert into merchandise values ('386qasb10','Wool Blend Beanie with Faux Fur Pom', 343.98, 918, 7, 2, 906, 187.81);
insert into merchandise values ('304dkyr45','Future Icons Primegreen Logo Hoodie', 342.56, 825, 7, 6, 756, 198.68);
insert into merchandise values ('052meat27','Kids Event21 Pullover Hoodie', 121.81, 644, 8, 19, 444, 77.23);
insert into merchandise values ('374utbv93','Kids Unicorn Sequin Glitter Dress', 415.4, 921, 9, 16, 944, 240.93);
insert into merchandise values ('242kgta74','Cristina Martinez Print Leggings', 223.7, 255, 9, 9, 17, 118.11);
insert into merchandise values ('347hlrh53','Tutu Dress (Little Girl)', 409.19, 984, 10, 5, 155, 364.59);
insert into merchandise values ('668ihio82','Beautiful Skin Foundation', 385.35, 780, 11, 6, 586, 285.54);
insert into merchandise values ('518vary96','Magic Cream Face Moisturizer with Hyaluronic Acid', 212.98, 281, 12, 17, 84, 201.69);
insert into merchandise values ('599wkxo05','Kacey Musgraves Slow Burn Scented Candle', 260.8, 567, 13, 19, 485, 224.29);
insert into merchandise values ('596hoor22','Soft Lounge Robe', 235.23, 172, 14, 11, 2, 213.82);
insert into merchandise values ('896eyyx67','Jungly Tails Cloth Book', 118.19, 99, 15, 10, 700, 95.97);
insert into merchandise values ('897whiz42','Younger Skin Starts in the Gut Book', 85.2, 610, 15, 14, 154, 46.6);
insert into merchandise values ('354zoya70','LEGO Creator 3-in-1 Safari Wildlife Tree House - 31116 ', 55.18, 68, 16, 19, 610, 35.92);
insert into merchandise values ('126nwns31','Disney x Ceaco 2-Pack 1000-Piece Puzzles', 247.49, 963, 16, 17, 98, 191.8);
insert into merchandise values ('033houf27','True Evo Wireless Bluetooth Earbuds', 173.28, 26, 17, 3, 494, 166.52);
insert into merchandise values ('053tchm56','Packlite Chair', 275.29, 644, 18, 18, 193, 183.62);
insert into merchandise values ('993inno74','Chunky Knit Sweater Handwoven Rug', 240.46, 429, 18, 5, 70, 125.04);
insert into merchandise values ('259knge56','Comfort Roll Arm Slipcovered Sofa', 174.61, 243, 18, 16, 856, 131.31);
insert into merchandise values ('438aqxu76','Mason Stoneware Canisters', 214.55, 977, 19, 1, 606, 203.82);
insert into merchandise values ('976plvv38','Hydrocotton Organic Quick-Dry Towels', 345.2, 317, 20, 3, 539, 265.11);
insert into merchandise values ('442ohhv23','Belgian Flax Linen Waffle Duvet Cover', 60.32, 958, 21, 19, 127, 45.12);
insert into merchandise values ('823oqpw34','Joshua Handcrafted Ceramic Vases', 255.2, 717, 22, 5, 517, 142.66);
insert into merchandise values ('125cdsf57','Anton Desktop Clock', 263.42, 542, 22, 4, 542, 177.28);

---for populating the credit_card table
insert into credit_card values (0, '3531214886813152', '1140 Lori Park', 'Apt. 439', 'Brittanyview', 'RI', '64971', 'USA');
insert into credit_card values (1, '5590820425632920', '006 Michael Shoal', 'Suite 926', 'Espinozaside', 'NH', '71153', 'USA');
insert into credit_card values (2, '503848844240', '17964 Leah Inlet', NULL, 'Cathyshire', 'IA', '51287', 'USA');
insert into credit_card values (3, '4865126359225', '125 Kelley Knolls', 'Apt. 339', 'Smithberg', 'ME', '96200', 'USA');
insert into credit_card values (4, '503860971814', '8313 Maxwell Roads', 'Suite 847', 'North Thomas', 'OR', '39599', 'USA');
insert into credit_card values (5, '4889034661707998747', '002 Allen Village', NULL, 'West Brittany', 'WA', '32165', 'USA');
insert into credit_card values (6, '344476316600839', '7187 John Rest', NULL, 'East Diane', 'MA', '76125', 'USA');
insert into credit_card values (7, '4987630571564', '48654 Rebecca Ferry', 'Suite 720', 'Robertmouth', 'IA', '01799', 'USA');
insert into credit_card values (8, '4188234618520986', '23450 Shirley Bridge', NULL, 'Philipton', 'MT', '68929', 'USA');
insert into credit_card values (9, '180000334249150', '62216 Bonnie Mews', 'Suite 581', 'Lauraburgh', 'ME', '57160', 'USA');
insert into credit_card values (10, '4312415185664', '2560 Floyd Square', NULL, 'Harrelltown', 'WV', '03772', 'USA');
insert into credit_card values (11, '30062111337873', '53127 Stanley Glens', NULL, 'East Andrewfurt', 'TX', '35941', 'USA');
insert into credit_card values (12, '4048179481630827543', '7020 Mcdaniel Village', NULL, 'West Angelaview', 'FL', '64820', 'USA');
insert into credit_card values (13, '4755184566429867', '66978 Paul Walks', NULL, 'South Ariel', 'IN', '98196', 'USA');
insert into credit_card values (14, '2402168285398280', '0389 Flores Camp', 'Suite 026', 'Lake Jason', 'WA', '88395', 'USA');
insert into credit_card values (15, '4505025320980575', '7423 Sophia Extensions', 'Suite 136', 'East Katherineview', 'OH', '58318', 'USA');
insert into credit_card values (16, '4545460161457510', '23226 Ortiz Viaduct', NULL, 'South Aaron', 'HI', '92785', 'USA');
insert into credit_card values (17, '6569594442295574', '7668 Mike Mount', NULL, 'Jeffreyburgh', 'TN', '47236', 'USA');
insert into credit_card values (18, '4091783370278452', '366 Miller Lakes', 'Apt. 967', 'Martinberg', 'IA', '44807', 'USA');
insert into credit_card values (19, '344597060538675', '8307 Wiley Springs', NULL, 'West Daniel', 'NV', '60954', 'USA');
insert into credit_card values (20, '3535573032186003', '52531 Tabitha Manor', 'Suite 256', 'Ingramton', 'PA', '26064', 'USA');
insert into credit_card values (21, '4392415764703912', '56632 Zachary Squares', 'Suite 827', 'Glenberg', 'KS', '21437', 'USA');

---for populating the customer table
insert into customer values (0, 'Thomas Campbell', 'kimberlymcbride@example.org');
insert into customer values (1, 'Jose Lopez', 'james74@example.com');
insert into customer values (2, 'Marvin Murphy', 'scott51@example.net');
insert into customer values (3, 'Amber Watson', 'linda76@example.org');
insert into customer values (4, 'Glen Martinez', 'charlesbrown@example.net');
insert into customer values (5, 'Tina Russo', 'kevin11@example.net');
insert into customer values (6, 'Darlene Russell', 'stephanie60@example.com');
insert into customer values (7, 'Gina Leach', 'mallen@example.com');
insert into customer values (8, 'Erik Frey', 'deleonrachel@example.com');
insert into customer values (9, 'Jennifer Johnson', 'imills@example.net');
insert into customer values (10, 'Ann Proctor', 'wolfenicole@example.net');
insert into customer values (11, 'Kelly Benson', 'hessjesse@example.net');
insert into customer values (12, 'Morgan Rogers', 'pamela79@example.com');
insert into customer values (13, 'Melinda Todd', 'gonzalezsteven@example.org');
insert into customer values (14, 'Christopher Smith', 'murillojennifer@example.org');
insert into customer values (15, 'Michael Lee', 'melvin66@example.org');
insert into customer values (16, 'Paul Harrison', 'wnelson@example.com');
insert into customer values (17, 'Christine Smith', 'williamsmary@example.net');
insert into customer values (18, 'Kayla Bell', 'martinallison@example.com');
insert into customer values (19, 'Michelle Rasmussen', 'bowersmichael@example.net');
insert into customer values (20, 'Isabella Clark', 'johnsoto@example.com');
insert into customer values (21, 'Ian Gonzalez', 'taylorcarol@example.org');
insert into customer values (22, 'Melissa Thompson', 'omartin@example.org');

---for populating the cc_belong table
insert into cc_belong values (0, 1, 10);
insert into cc_belong values (1, 2, 9);
insert into cc_belong values (2, 3, 16);
insert into cc_belong values (3, 4, 18);
insert into cc_belong values (4, 5, 12);
insert into cc_belong values (5, 6, 2);
insert into cc_belong values (6, 7, 3);
insert into cc_belong values (7, 8, 7);
insert into cc_belong values (8, 9, 20);
insert into cc_belong values (9, 10, 11);
insert into cc_belong values (10, 11, 19);
insert into cc_belong values (11, 13, 1);
insert into cc_belong values (12, 13, 4);
insert into cc_belong values (13, 14, 6);
insert into cc_belong values (14, 15, 5);
insert into cc_belong values (15, 16, 0);
insert into cc_belong values (16, 17, 13);
insert into cc_belong values (17, 18, 14);
insert into cc_belong values (18, 19, 15);
insert into cc_belong values (19, 20, 17);
insert into cc_belong values (20, 21, 18);
insert into cc_belong values (21, 22, 21);

---for populating the orders table
insert into orders values (0, '2020-07-19 00:12:25', 3, 24);
insert into orders values (1, '2021-08-29 08:40:02', 8, 0);
insert into orders values (2, '2021-08-09 06:54:56', 21, NULL);
insert into orders values (3, '2021-06-13 00:25:12', 16, 19);
insert into orders values (4, '2020-02-02 08:56:37', 17, 19);
insert into orders values (5, '2021-08-29 04:10:38', 18, 10);
insert into orders values (6, '2020-05-10 06:59:40', 2, NULL);
insert into orders values (7, '2020-11-24 13:05:19', 2, 5);
insert into orders values (8, '2020-09-25 14:56:59', 15, 5);
insert into orders values (9, '2020-08-10 15:38:42', 15, NULL);
insert into orders values (10, '2022-01-25 10:39:18', 3, 6);
insert into orders values (11, '2021-05-20 07:35:15', 6, 6);
insert into orders values (12, '2021-06-18 01:39:29', 4, 20);
insert into orders values (13, '2021-06-24 18:05:20', 1, 11);
insert into orders values (14, '2022-01-23 17:43:10', 6, 6);
insert into orders values (15, '2021-02-05 02:20:42', 6, 6);
insert into orders values (16, '2020-11-13 10:06:36', 6, 6);
insert into orders values (17, '2020-10-01 16:45:50', 8, 1);
insert into orders values (18, '2021-10-28 08:31:48', 8, 2);
insert into orders values (19, '2020-09-23 00:11:19', 8, 9);
insert into orders values (20, '2022-02-04 06:55:32', 8, 8);
insert into orders values (21, '2020-06-07 12:23:54', 7, 4);
insert into orders values (22, '2020-11-23 12:46:08', 0, NULL);
insert into orders values (23, '2021-05-11 05:32:20', 12, 0);
insert into orders values (24, '2021-11-07 18:34:01', 10, 0);
insert into orders values (25, '2020-12-03 02:54:55', 14, 15);
insert into orders values (26, '2020-04-07 02:27:16', 9, 15);
insert into orders values (27, '2021-02-07 09:43:04', 13, 16);
insert into orders values (28, '2021-01-12 18:29:59', 13, 17);
insert into orders values (29, '2021-11-11 10:17:45', 12, 18);

---for populating the order_merch table
insert into order_merch values (0, '442ohhv23', 1);
insert into order_merch values (0, '518vary96', 2);
insert into order_merch values (1, '125cdsf57', 2);
insert into order_merch values (2, '078zaww38', 11);
insert into order_merch values (2, '033houf27', 7);
insert into order_merch values (3, '782nzvu45', 2);
insert into order_merch values (3, '897whiz42', 2);
insert into order_merch values (3, '896eyyx67', 6);
insert into order_merch values (3, '052meat27', 2);
insert into order_merch values (4, '534rowo78', 9);
insert into order_merch values (4, '782nzvu45', 1);
insert into order_merch values (5, '510wofn26', 6);
insert into order_merch values (5, '729xcto29', 29);
insert into order_merch values (5, '897whiz42', 4);
insert into order_merch values (5, '518vary96', 3);
insert into order_merch values (6, '668ihio82', 5);
insert into order_merch values (6, '242kgta74', 1);
insert into order_merch values (6, '347hlrh53', 3);
insert into order_merch values (7, '078zaww38', 6);
insert into order_merch values (7, '242kgta74', 1);
insert into order_merch values (7, '222fxpv76', 10);
insert into order_merch values (7, '442ohhv23', 4);
insert into order_merch values (8, '782nzvu45', 1);
insert into order_merch values (8, '222fxpv76', 35);
insert into order_merch values (8, '438aqxu76', 23);
insert into order_merch values (9, '842vngf77', 25);
insert into order_merch values (9, '304dkyr45', 3);
insert into order_merch values (10, '518vary96', 2);
insert into order_merch values (11, '897whiz42', 3);
insert into order_merch values (11, '304dkyr45', 3);
insert into order_merch values (11, '518vary96', 1);
insert into order_merch values (11, '259knge56', 6);
insert into order_merch values (12, '842vngf77', 1);
insert into order_merch values (12, '033houf27', 7);
insert into order_merch values (12, '053tchm56', 1);
insert into order_merch values (13, '037kxds12', 10);
insert into order_merch values (13, '374utbv93', 29);
insert into order_merch values (13, '259knge56', 9);
insert into order_merch values (14, '242kgta74', 1);
insert into order_merch values (15, '993inno74', 1);
insert into order_merch values (16, '386qasb10', 32);
insert into order_merch values (16, '442ohhv23', 4);
insert into order_merch values (16, '374utbv93', 40);
insert into order_merch values (16, '033houf27', 22);
insert into order_merch values (17, '599wkxo05', 22);
insert into order_merch values (18, '347hlrh53', 5);
insert into order_merch values (19, '782nzvu45', 1);
insert into order_merch values (19, '729xcto29', 2);
insert into order_merch values (19, '374utbv93', 23);
insert into order_merch values (20, '823oqpw34', 16);
insert into order_merch values (21, '896eyyx67', 31);
insert into order_merch values (22, '976plvv38', 15);
insert into order_merch values (22, '823oqpw34', 3);
insert into order_merch values (23, '242kgta74', 1);
insert into order_merch values (24, '510wofn26', 7);
insert into order_merch values (25, '259knge56', 5);
insert into order_merch values (25, '354zoya70', 7);
insert into order_merch values (25, '386qasb10', 29);
insert into order_merch values (26, '052meat27', 10);
insert into order_merch values (26, '897dkun11', 3);
insert into order_merch values (26, '896eyyx67', 8);
insert into order_merch values (26, '222fxpv76', 10);
insert into order_merch values (27, '842vngf77', 4);
insert into order_merch values (27, '242kgta74', 1);
insert into order_merch values (28, '126nwns31', 3);
insert into order_merch values (29, '442ohhv23', 3);
insert into order_merch values (29, '897whiz42', 2);

---for populating the in_cart table
insert into in_cart values (1, '534rowo78', 38);
insert into in_cart values (2, '222fxpv76', 26);
insert into in_cart values (2, '697gvqa00', 3);
insert into in_cart values (2, '897dkun11', 3);
insert into in_cart values (2, '126nwns31', 1);
insert into in_cart values (3, '697gvqa00', 15);
insert into in_cart values (3, '354zoya70', 28);
insert into in_cart values (3, '823oqpw34', 18);
insert into in_cart values (3, '976plvv38', 22);
insert into in_cart values (4, '354zoya70', 4);
insert into in_cart values (4, '442ohhv23', 1);
insert into in_cart values (4, '374utbv93', 44);
insert into in_cart values (4, '242kgta74', 1);
insert into in_cart values (5, '222fxpv76', 25);
insert into in_cart values (6, '510wofn26', 8);
insert into in_cart values (6, '518vary96', 2);
insert into in_cart values (7, '668ihio82', 28);
insert into in_cart values (7, '126nwns31', 4);
insert into in_cart values (7, '374utbv93', 42);
insert into in_cart values (7, '842vngf77', 15);
insert into in_cart values (9, '304dkyr45', 17);
insert into in_cart values (9, '930zmfp37', 19);
insert into in_cart values (10, '126nwns31', 2);
insert into in_cart values (10, '842vngf77', 27);
insert into in_cart values (10, '657pbhk64', 12);
insert into in_cart values (10, '242kgta74', 1);
insert into in_cart values (11, '657pbhk64', 35);
insert into in_cart values (11, '242kgta74', 1);
insert into in_cart values (11, '729xcto29', 16);
insert into in_cart values (12, '976plvv38', 12);
insert into in_cart values (13, '052meat27', 5);
insert into in_cart values (13, '976plvv38', 21);
insert into in_cart values (14, '037kxds12', 8);
insert into in_cart values (14, '657pbhk64', 21);
insert into in_cart values (14, '668ihio82', 7);
insert into in_cart values (15, '438aqxu76', 5);
insert into in_cart values (15, '930zmfp37', 9);
insert into in_cart values (15, '386qasb10', 40);
insert into in_cart values (16, '242kgta74', 1);
insert into in_cart values (16, '347hlrh53', 2);
insert into in_cart values (16, '729xcto29', 20);
insert into in_cart values (16, '896eyyx67', 12);
insert into in_cart values (17, '386qasb10', 33);
insert into in_cart values (17, '729xcto29', 20);
insert into in_cart values (17, '125cdsf57', 5);
insert into in_cart values (17, '304dkyr45', 19);
insert into in_cart values (18, '510wofn26', 4);
insert into in_cart values (19, '896eyyx67', 27);
insert into in_cart values (19, '442ohhv23', 5);
insert into in_cart values (19, '930zmfp37', 25);
insert into in_cart values (20, '668ihio82', 3);
insert into in_cart values (20, '259knge56', 34);
insert into in_cart values (21, '668ihio82', 22);
insert into in_cart values (21, '374utbv93', 1);
insert into in_cart values (21, '534rowo78', 17);
insert into in_cart values (21, '930zmfp37', 14);

---for populating the favorite table
insert into favorite values (1, '033houf27');
insert into favorite values (1, '374utbv93');
insert into favorite values (1, '697gvqa00');
insert into favorite values (2, '125cdsf57');
insert into favorite values (3, '518vary96');
insert into favorite values (3, '897whiz42');
insert into favorite values (4, '782nzvu45');
insert into favorite values (4, '668ihio82');
insert into favorite values (4, '125cdsf57');
insert into favorite values (5, '668ihio82');
insert into favorite values (5, '354zoya70');
insert into favorite values (5, '052meat27');
insert into favorite values (5, '259knge56');
insert into favorite values (7, '534rowo78');
insert into favorite values (7, '259knge56');
insert into favorite values (7, '374utbv93');
insert into favorite values (8, '259knge56');
insert into favorite values (8, '037kxds12');
insert into favorite values (8, '222fxpv76');
insert into favorite values (8, '697gvqa00');
insert into favorite values (9, '222fxpv76');
insert into favorite values (9, '993inno74');
insert into favorite values (9, '438aqxu76');
insert into favorite values (11, '993inno74');
insert into favorite values (11, '729xcto29');
insert into favorite values (11, '374utbv93');
insert into favorite values (11, '053tchm56');
insert into favorite values (12, '897whiz42');
insert into favorite values (12, '729xcto29');
insert into favorite values (12, '599wkxo05');
insert into favorite values (13, '842vngf77');
insert into favorite values (14, '442ohhv23');
insert into favorite values (16, '596hoor22');
insert into favorite values (16, '782nzvu45');
insert into favorite values (16, '897dkun11');
insert into favorite values (16, '930zmfp37');
insert into favorite values (17, '354zoya70');
insert into favorite values (17, '078zaww38');
insert into favorite values (18, '242kgta74');
insert into favorite values (19, '729xcto29');
insert into favorite values (20, '053tchm56');
insert into favorite values (20, '347hlrh53');
insert into favorite values (21, '304dkyr45');
insert into favorite values (21, '668ihio82');
insert into favorite values (22, '347hlrh53');
insert into favorite values (22, '354zoya70');
insert into favorite values (22, '782nzvu45');

---for populating the review table
insert into review values (1, '222fxpv76', 3.0);
insert into review values (1, '442ohhv23', 4.5);
insert into review values (1, '033houf27', 0.5);
insert into review values (2, '354zoya70', 4.0);
insert into review values (2, '897whiz42', 1.5);
insert into review values (4, '518vary96', 2.0);
insert into review values (4, '386qasb10', 4.0);
insert into review values (4, '657pbhk64', 1.0);
insert into review values (5, '442ohhv23', 2.5);
insert into review values (6, '896eyyx67', 3.5);
insert into review values (6, '259knge56', 0.0);
insert into review values (6, '897whiz42', 0.5);
insert into review values (7, '386qasb10', 3.0);
insert into review values (7, '729xcto29', 0.5);
insert into review values (9, '053tchm56', 2.0);
insert into review values (10, '078zaww38', 0.5);
insert into review values (10, '222fxpv76', 1.5);
insert into review values (11, '599wkxo05', 3.0);
insert into review values (12, '697gvqa00', 2.5);
insert into review values (12, '126nwns31', 1.0);
insert into review values (12, '347hlrh53', 4.5);
insert into review values (13, '697gvqa00', 4.0);
insert into review values (13, '259knge56', 3.5);
insert into review values (13, '657pbhk64', 0.0);
insert into review values (14, '126nwns31', 4.0);
insert into review values (14, '842vngf77', 3.0);
insert into review values (15, '897dkun11', 4.5);
insert into review values (16, '897dkun11', 2.5);
insert into review values (16, '657pbhk64', 2.0);
insert into review values (17, '347hlrh53', 2.0);
insert into review values (17, '222fxpv76', 2.0);
insert into review values (17, '053tchm56', 0.0);
insert into review values (18, '037kxds12', 3.0);
insert into review values (18, '993inno74', 2.0);
insert into review values (18, '347hlrh53', 1.0);
insert into review values (19, '354zoya70', 0.5);
insert into review values (19, '993inno74', 3.0);
insert into review values (20, '386qasb10', 1.5);
insert into review values (20, '374utbv93', 4.5);
insert into review values (20, '534rowo78', 3.0);
insert into review values (20, '304dkyr45', 3.0);
insert into review values (21, '347hlrh53', 4.5);
insert into review values (21, '386qasb10', 3.5);
insert into review values (21, '052meat27', 4.5);
insert into review values (21, '242kgta74', 4.5);