---for populating the deparment table
insert into department values (0,'Mens Shoes');
insert into department values (1,'Womens Shoes');
insert into department values (2,'Boys Shoes');
insert into department values (3,'Girls Shoes');
insert into department values (4,'Baby Shoes');
insert into department values (5,'Mens Clothing');
insert into department values (6,'Womens Clothing');
insert into department values (7,'Boys Clothing');
insert into department values (8,'Girls Clothing');
insert into department values (9,'Baby Clothing');
insert into department values (10,'Cosmetics');
insert into department values (11,'Skincare');
insert into department values (12,'Fragrance');
insert into department values (13,'Gifts');
insert into department values (14,'Books');
insert into department values (15,'Toys');
insert into department values (16,'Electronics');
insert into department values (17,'Furniture');
insert into department values (18,'Kitchen');
insert into department values (19,'Bath');
insert into department values (20,'Bed');
insert into department values (21,'Decor');

---for populating the vendor table
insert into vendor values (0,'Nguyen-Craig Group');
insert into vendor values (1,'Gutierrez Group');
insert into vendor values (2,'Garner, Wheeler and Rodriguez Ltd');
insert into vendor values (3,'Fuller, Jones and Miller PLC');
insert into vendor values (4,'Williams PLC');
insert into vendor values (5,'Mclaughlin Ltd');
insert into vendor values (6,'Barron LLC');
insert into vendor values (7,'Thomas-Jones PLC');
insert into vendor values (8,'Walker LLC');
insert into vendor values (9,'Rodriguez, Jimenez and Larsen Ltd');
insert into vendor values (10,'Thomas-Ponce Inc');
insert into vendor values (11,'Whitney, Brown and Morris LLC');
insert into vendor values (12,'Tran Ltd');
insert into vendor values (13,'Thomas-Simmons Inc');
insert into vendor values (14,'Jordan Ltd');
insert into vendor values (15,'Taylor and Sons and Sons');
insert into vendor values (16,'Dixon and Sons Inc');
insert into vendor values (17,'Rice, Clark and Lee and Sons');
insert into vendor values (18,'Hickman Group');
insert into vendor values (19,'Johnson Group');

---for populating the salesperson table
insert into salesperson values (0,'Martin Thompson Jr.', 147942.93, 5, 0.07);
insert into salesperson values (1,'Mark Cameron', 126678.81, 7, 0.09);
insert into salesperson values (2,'Sandra Davidson', 50987.02, 8, 0.33);
insert into salesperson values (3,'Sergio Mullins', 97573.90, 18, 0.10);
insert into salesperson values (4,'Michael James', 176594.91, 11, 0.43);
insert into salesperson values (5,'Matthew Sims', 167512.32, 20, 0.39);
insert into salesperson values (6,'Christopher Beck', 128148.58, 10, 0.40);
insert into salesperson values (7,'Joel Anderson', 152785.45, 2, 0.16);
insert into salesperson values (8,'Michael Gomez', 189204.16, 21, 0.30);
insert into salesperson values (9,'Christina Williams', 110936.33, 19, 0.45);
insert into salesperson values (10,'Makayla Kelly', 66793.36, 20, 0.34);
insert into salesperson values (11,'Brittany Smith', 189058.09, 9, 0.17);
insert into salesperson values (12,'George Johnson', 137693.74, 3, 0.26);
insert into salesperson values (13,'Andrew Meyers', 75796.05, 16, 0.46);
insert into salesperson values (14,'Cynthia Page', 77328.33, 4, 0.27);
insert into salesperson values (15,'Jeremiah Greer', 129413.03, 9, 0.26);
insert into salesperson values (16,'Leslie Lewis', 120537.87, 4, 0.17);
insert into salesperson values (17,'Sarah Rivera', 61642.76, 18, 0.18);
insert into salesperson values (18,'Michelle Larsen', 124663.57, 3, 0.32);
insert into salesperson values (19,'Brooke Romero', 145430.47, 17, 0.27);
insert into salesperson values (20,'Anthony Burton', 153508.68, 10, 0.44);
insert into salesperson values (21,'Chris George', 76172.15, 10, 0.05);
insert into salesperson values (22,'Maria Edwards', 56678.56, 15, 0.34);
insert into salesperson values (23,'Anita Thomas', 144327.82, 2, 0.16);
insert into salesperson values (24,'Taylor Ward', 65121.76, 7, 0.10);
insert into salesperson values (25,'Toni Jones', 189928.08, 14, 0.12);
insert into salesperson values (26,'Jose Haynes', 180228.50, 3, 0.30);
insert into salesperson values (27,'Maria Peterson', 68795.18, 7, 0.09);
insert into salesperson values (28,'Andrea Hayes', 180906.48, 16, 0.18);
insert into salesperson values (29,'Colton Edwards', 171526.31, 0, 0.27);
insert into salesperson values (30,'Kurt Strickland', 126698.65, 19, 0.18);
insert into salesperson values (31,'Kaitlyn Burns', 83078.82, 5, 0.37);
insert into salesperson values (32,'Dwayne Fuentes', 154435.78, 10, 0.05);
insert into salesperson values (33,'Felicia Day', 78215.43, 21, 0.33);
insert into salesperson values (34,'Erika Morris', 163376.02, 3, 0.32);
insert into salesperson values (35,'Natasha Martinez', 67057.61, 19, 0.13);
insert into salesperson values (36,'John Singh', 127886.04, 9, 0.36);
insert into salesperson values (37,'Maurice Wong', 197627.46, 0, 0.40);
insert into salesperson values (38,'Sara Booker', 82644.33, 12, 0.25);
insert into salesperson values (39,'Dennis Castro', 143639.23, 6, 0.28);
insert into salesperson values (40,'Matthew Chaney', 123560.20, 12, 0.15);
insert into salesperson values (41,'Kenneth Davis', 140286.70, 18, 0.25);
insert into salesperson values (42,'Brad Mitchell', 56265.97, 8, 0.11);
insert into salesperson values (43,'Michael Williams', 123509.25, 19, 0.18);
insert into salesperson values (44,'James Mays', 155463.50, 0, 0.35);
insert into salesperson values (45,'Rebecca Yu', 85741.33, 19, 0.14);
insert into salesperson values (46,'Carrie Turner', 146085.60, 9, 0.09);
insert into salesperson values (47,'Taylor Perez', 142327.54, 4, 0.37);
insert into salesperson values (48,'Cynthia Watts', 107245.96, 11, 0.13);
insert into salesperson values (49,'Danielle Lee', 191996.55, 12, 0.42);
insert into salesperson values (50,'Sharon Howe', 183481.62, 4, 0.25);
insert into salesperson values (51,'Stephanie Jones', 173562.75, 10, 0.43);
insert into salesperson values (52,'Alexander Lawson', 113442.66, 9, 0.19);
insert into salesperson values (53,'James Macdonald', 83763.77, 9, 0.30);
insert into salesperson values (54,'Christopher Owen', 135879.73, 19, 0.16);
insert into salesperson values (55,'Danielle Alexander', 82538.96, 10, 0.10);
insert into salesperson values (56,'Jonathan Harris', 67060.05, 16, 0.15);
insert into salesperson values (57,'Christine Jimenez', 118969.72, 14, 0.10);
insert into salesperson values (58,'Christopher Thomas', 93189.46, 19, 0.14);
insert into salesperson values (59,'David Lewis', 144845.65, 18, 0.33);
insert into salesperson values (60,'Eric Daniels', 122241.40, 11, 0.33);
insert into salesperson values (61,'Barbara Stewart', 63878.42, 12, 0.35);
insert into salesperson values (62,'Destiny Knox', 139249.34, 21, 0.27);
insert into salesperson values (63,'Teresa Craig', 59705.93, 17, 0.19);
insert into salesperson values (64,'Carolyn Walker', 137164.39, 3, 0.38);
insert into salesperson values (65,'Jaime Clarke', 160795.80, 18, 0.36);
insert into salesperson values (66,'Sarah Hogan', 107526.11, 15, 0.25);
insert into salesperson values (67,'Sarah Jenkins', 136073.72, 11, 0.21);
insert into salesperson values (68,'Gabrielle Williams', 187898.26, 20, 0.29);
insert into salesperson values (69,'Anthony Powers', 156535.45, 21, 0.42);
insert into salesperson values (70,'Scott Turner', 164415.41, 4, 0.41);
insert into salesperson values (71,'Gregory Brown', 198306.74, 19, 0.11);
insert into salesperson values (72,'Daniel Gonzalez', 94583.66, 12, 0.47);
insert into salesperson values (73,'Kevin Morrison', 63775.26, 12, 0.40);
insert into salesperson values (74,'William Powell', 139565.17, 0, 0.28);
insert into salesperson values (75,'Troy Aguilar', 187217.99, 16, 0.30);
insert into salesperson values (76,'Lauren Hanson', 69517.91, 9, 0.32);
insert into salesperson values (77,'Kevin Martin', 148150.64, 13, 0.22);
insert into salesperson values (78,'Mark Garcia', 175726.73, 16, 0.49);
insert into salesperson values (79,'Michael Mcguire', 119548.31, 16, 0.07);
insert into salesperson values (80,'Shelly Hicks', 55753.56, 10, 0.41);
insert into salesperson values (81,'Jason Hale', 91619.86, 6, 0.14);
insert into salesperson values (82,'Barbara Wright', 111182.24, 19, 0.49);
insert into salesperson values (83,'Alex Quinn', 124222.26, 12, 0.12);
insert into salesperson values (84,'Autumn Salazar', 146290.20, 7, 0.26);
insert into salesperson values (85,'Penny Barnett', 162129.74, 5, 0.23);
insert into salesperson values (86,'Logan Anderson', 191404.98, 10, 0.38);
insert into salesperson values (87,'Erica Burnett', 115577.51, 14, 0.18);
insert into salesperson values (88,'Nicole Edwards', 153434.88, 10, 0.44);
insert into salesperson values (89,'Eric Kramer', 177935.19, 15, 0.31);
insert into salesperson values (90,'Anne Mendoza', 86285.15, 19, 0.31);
insert into salesperson values (91,'Emily Thompson', 125368.86, 10, 0.29);
insert into salesperson values (92,'Casey Wright', 164514.81, 16, 0.49);
insert into salesperson values (93,'Ms. Amanda Williams MD', 59708.73, 0, 0.18);
insert into salesperson values (94,'Stephanie Garrison', 67581.53, 19, 0.34);
insert into salesperson values (95,'Carol Collins', 147718.45, 8, 0.10);
insert into salesperson values (96,'Kelsey Hutchinson', 81316.00, 13, 0.37);
insert into salesperson values (97,'Elizabeth Tucker', 175107.85, 3, 0.20);
insert into salesperson values (98,'Melissa Bender', 155119.89, 9, 0.47);
insert into salesperson values (99,'Susan Ramirez', 58447.47, 11, 0.09);
insert into salesperson values (100,'Kristen Jones', 107366.74, 0, 0.37);
insert into salesperson values (101,'Kaitlyn Wilson', 119237.65, 2, 0.49);
insert into salesperson values (102,'John Mahoney', 70797.24, 6, 0.13);
insert into salesperson values (103,'Kristin Smith', 155683.66, 0, 0.34);
insert into salesperson values (104,'Andrew Mcintosh', 146658.94, 3, 0.31);
insert into salesperson values (105,'Aaron Moore', 76633.60, 17, 0.15);
insert into salesperson values (106,'Natasha Glover', 56892.47, 15, 0.28);
insert into salesperson values (107,'Gina Murphy', 59469.54, 11, 0.33);
insert into salesperson values (108,'Daniel Harper', 157052.78, 8, 0.45);
insert into salesperson values (109,'Brett Cervantes', 171900.36, 13, 0.40);
insert into salesperson values (110,'Jill Olson', 123180.57, 0, 0.27);
insert into salesperson values (111,'Aaron Gould', 104631.27, 3, 0.11);
insert into salesperson values (112,'Larry Moore', 193761.07, 3, 0.15);
insert into salesperson values (113,'Edward Williamson', 50227.51, 7, 0.45);
insert into salesperson values (114,'Roy Gardner', 163913.16, 1, 0.19);
insert into salesperson values (115,'Kenneth Singleton', 77577.73, 4, 0.36);
insert into salesperson values (116,'Russell Mitchell', 114929.73, 17, 0.31);
insert into salesperson values (117,'Louis Green', 198851.61, 4, 0.25);
insert into salesperson values (118,'John Stevens', 92806.94, 1, 0.48);
insert into salesperson values (119,'Seth Norris', 148335.62, 4, 0.31);
insert into salesperson values (120,'Lauren Johnson', 97757.51, 9, 0.38);
insert into salesperson values (121,'Amy Hall', 171922.18, 20, 0.14);
insert into salesperson values (122,'Arthur Williams', 140166.95, 20, 0.41);
insert into salesperson values (123,'Andrea Burke', 134770.53, 10, 0.47);
insert into salesperson values (124,'Bryan Garcia', 124922.68, 17, 0.24);
insert into salesperson values (125,'Paul Woods', 114692.60, 6, 0.22);
insert into salesperson values (126,'Nicole Wilson', 148422.96, 8, 0.19);
insert into salesperson values (127,'Kimberly Gonzalez', 170886.88, 2, 0.05);
insert into salesperson values (128,'Megan Smith', 138022.02, 17, 0.11);
insert into salesperson values (129,'Heidi Brooks', 92266.68, 3, 0.44);
insert into salesperson values (130,'Glenn Bailey', 175104.89, 6, 0.21);
insert into salesperson values (131,'Joan Foley', 164354.54, 7, 0.16);
insert into salesperson values (132,'Whitney Lopez', 124701.98, 9, 0.41);
insert into salesperson values (133,'Jay Koch', 92463.62, 0, 0.14);
insert into salesperson values (134,'Brian Brown', 110447.84, 11, 0.47);
insert into salesperson values (135,'Kelly Webb', 52469.95, 14, 0.16);
insert into salesperson values (136,'Michelle Reyes', 82486.48, 7, 0.14);
insert into salesperson values (137,'Joseph Smith', 187043.44, 16, 0.34);
insert into salesperson values (138,'Joseph Stark', 91310.44, 8, 0.13);
insert into salesperson values (139,'William Romero', 90823.62, 0, 0.30);
insert into salesperson values (140,'Stephen Griffin', 163290.23, 6, 0.07);
insert into salesperson values (141,'Patrick Smith', 105120.26, 4, 0.35);
insert into salesperson values (142,'Amber Jackson', 194378.54, 11, 0.33);
insert into salesperson values (143,'Andrew Stewart', 144087.78, 6, 0.50);
insert into salesperson values (144,'Chad Brown', 175811.30, 3, 0.31);
insert into salesperson values (145,'Paul Brown', 106374.21, 19, 0.38);
insert into salesperson values (146,'Judy Arellano', 112279.13, 13, 0.43);
insert into salesperson values (147,'Miranda Lucas', 60155.98, 16, 0.23);
insert into salesperson values (148,'Allison Flores', 103786.49, 16, 0.50);
insert into salesperson values (149,'Mike Forbes', 56334.47, 4, 0.14);
insert into salesperson values (150,'Debra Lucas', 63150.45, 18, 0.25);
insert into salesperson values (151,'Natalie Johnson', 76217.42, 14, 0.14);
insert into salesperson values (152,'Damon Espinoza', 190543.13, 3, 0.49);
insert into salesperson values (153,'Sandra Garcia', 102921.03, 14, 0.31);
insert into salesperson values (154,'Nathan Randolph', 157378.84, 17, 0.29);
insert into salesperson values (155,'William Wells', 114583.33, 17, 0.47);
insert into salesperson values (156,'Allen Perez', 61195.70, 14, 0.49);
insert into salesperson values (157,'Eric Dean', 69455.73, 1, 0.49);
insert into salesperson values (158,'Mrs. Erica Love', 91390.26, 13, 0.18);
insert into salesperson values (159,'Pamela Bell', 119344.26, 21, 0.11);
insert into salesperson values (160,'Jessica Ward MD', 105394.66, 0, 0.35);
insert into salesperson values (161,'Tamara Mcintosh', 106218.11, 8, 0.23);
insert into salesperson values (162,'Donna Taylor', 161332.14, 6, 0.48);
insert into salesperson values (163,'Eric Rivera', 79167.50, 2, 0.28);
insert into salesperson values (164,'Cassandra Davis', 142764.53, 3, 0.15);
insert into salesperson values (165,'Thomas Franklin', 55027.88, 9, 0.46);
insert into salesperson values (166,'Julie Pham', 76859.09, 12, 0.44);
insert into salesperson values (167,'Tyler Kelly', 154137.47, 14, 0.33);
insert into salesperson values (168,'Mrs. Tracie Mccoy', 140285.35, 11, 0.45);
insert into salesperson values (169,'Michael Richards', 72355.05, 6, 0.47);
insert into salesperson values (170,'Brenda Smith', 80072.57, 3, 0.23);
insert into salesperson values (171,'Paul Conner', 149727.18, 7, 0.41);
insert into salesperson values (172,'Casey Erickson', 183287.19, 8, 0.48);
insert into salesperson values (173,'Keith Harmon', 126093.79, 4, 0.28);
insert into salesperson values (174,'Jessica Turner', 51477.30, 19, 0.31);
insert into salesperson values (175,'Jennifer Davis', 77610.76, 11, 0.40);
insert into salesperson values (176,'Kathy Brooks', 106562.83, 4, 0.14);
insert into salesperson values (177,'Chad Martinez', 118237.62, 16, 0.38);
insert into salesperson values (178,'Joanne Martinez', 51763.26, 4, 0.26);
insert into salesperson values (179,'Trevor Myers', 64136.81, 12, 0.36);
insert into salesperson values (180,'Luis Ellison', 146690.57, 6, 0.29);
insert into salesperson values (181,'Christopher Johnson', 129663.91, 12, 0.24);
insert into salesperson values (182,'Vincent Mcgrath', 81966.99, 18, 0.30);
insert into salesperson values (183,'Stephen Turner', 52702.49, 14, 0.15);
insert into salesperson values (184,'Megan Williams', 70659.56, 16, 0.35);
insert into salesperson values (185,'Nathan Mathis', 134906.54, 18, 0.49);
insert into salesperson values (186,'Michael Johnson', 198559.77, 20, 0.12);
insert into salesperson values (187,'Mary Andrews', 155281.01, 16, 0.21);
insert into salesperson values (188,'Jose Harmon', 138651.74, 8, 0.16);
insert into salesperson values (189,'Shawn Hartman', 52537.44, 17, 0.35);
insert into salesperson values (190,'Curtis Macdonald', 77503.43, 7, 0.47);
insert into salesperson values (191,'John Taylor', 56884.25, 7, 0.18);
insert into salesperson values (192,'Cheryl Davis', 102058.83, 1, 0.33);
insert into salesperson values (193,'Jerry Burke', 134750.54, 21, 0.21);
insert into salesperson values (194,'Stephanie Ward', 90196.05, 21, 0.27);
insert into salesperson values (195,'Randy Russell', 62814.06, 8, 0.22);
insert into salesperson values (196,'Alex Garcia', 155796.75, 16, 0.05);
insert into salesperson values (197,'Miss Alice Robinson', 117238.65, 5, 0.28);
insert into salesperson values (198,'Robert Lewis', 77408.39, 16, 0.38);
insert into salesperson values (199,'Linda Perez', 162442.70, 3, 0.13);

---for populating the merchandise table
insert into merchandise values ('824ywuv85','Tasman Slipper', 106.78, 945, 1, 1, 420, 64.07);
insert into merchandise values ('633lcrx08','Forum Mid Sneaker', 59.63, 534, 1, 1, 47, 51.46);
insert into merchandise values ('833rnnn35','Cloud X Training Shoe', 377.75, 58, 1, 19, 855, 369.44);
insert into merchandise values ('581pfvo86','Essentials Arizona Waterproof Slide Sandal', 159.24, 302, 2, 3, 544, 146.98);
insert into merchandise values ('149ooxo25','Faux Fur Retro Hiking Sneaker', 234.9, 549, 2, 19, 979, 204.36);
insert into merchandise values ('423rjez54','Ultra Mini Boot', 111.28, 655, 2, 7, 530, 80.79);
insert into merchandise values ('038hbqi58','Cloudswift Running Shoe', 312.24, 887, 2, 9, 386, 271.02);
insert into merchandise values ('357ogpj14','Air Force 1 Sneaker', 224.34, 820, 3, 19, 249, 175.43);
insert into merchandise values ('769pkxt80','Jefferson Water Friendly Slip-On Vegan Sneaker', 258.85, 582, 4, 1, 833, 139.26);
insert into merchandise values ('729dgzp33','Free Run 2 Toddler Sneaker ', 122.75, 273, 5, 1, 405, 106.67);
insert into merchandise values ('664ierl24','Icon Bomber Jacket', 92.53, 642, 6, 18, 359, 70.32);
insert into merchandise values ('606vjiw71','Hank Jogger Pants', 128.58, 741, 6, 1, 682, 109.04);
insert into merchandise values ('764dllx23','Wool Blend Beanie with Faux Fur Pom', 173.47, 815, 7, 10, 492, 163.58);
insert into merchandise values ('207lgna78','Future Icons Primegreen Logo Hoodie', 349.12, 243, 7, 17, 976, 342.84);
insert into merchandise values ('312wyov10','Kids Event21 Pullover Hoodie', 154.86, 476, 8, 0, 121, 111.5);
insert into merchandise values ('512bnef70','Kids Unicorn Sequin Glitter Dress', 390.9, 982, 9, 6, 890, 281.45);
insert into merchandise values ('191lflu25','Cristina Martinez Print Leggings', 39.28, 540, 9, 4, 590, 28.48);
insert into merchandise values ('836jwdj39','Tutu Dress (Little Girl)', 261.24, 764, 10, 3, 439, 217.09);
insert into merchandise values ('876ibnh07','Beautiful Skin Foundation', 250.93, 127, 11, 10, 728, 154.07);
insert into merchandise values ('846xmhz12','Magic Cream Face Moisturizer with Hyaluronic Acid', 277.44, 523, 12, 19, 695, 149.82);
insert into merchandise values ('707aqiw80','Kacey Musgraves Slow Burn Scented Candle', 191.43, 216, 13, 8, 342, 97.06);
insert into merchandise values ('585bylo87','Soft Lounge Robe', 320.79, 97, 14, 2, 454, 262.41);
insert into merchandise values ('045xyfk05','Jungly Tails Cloth Book', 183.98, 676, 15, 6, 328, 165.4);
insert into merchandise values ('896nitw27','Younger Skin Starts in the Gut Book', 353.56, 103, 15, 9, 254, 276.48);
insert into merchandise values ('369lvjm99','LEGO Creator 3-in-1 Safari Wildlife Tree House - 31116 ', 104.52, 946, 16, 2, 988, 75.78);
insert into merchandise values ('969qxog59','Disney x Ceaco 2-Pack 1000-Piece Puzzles', 318.96, 48, 16, 14, 82, 305.24);
insert into merchandise values ('922cukp61','True Evo Wireless Bluetooth Earbuds', 377.53, 282, 17, 7, 299, 279.37);
insert into merchandise values ('859inrz11','Packlite Chair', 198.39, 823, 18, 2, 333, 164.66);
insert into merchandise values ('871hcks40','Chunky Knit Sweater Handwoven Rug', 387.72, 730, 18, 8, 271, 253.96);
insert into merchandise values ('619vweh85','Comfort Roll Arm Slipcovered Sofa', 194.32, 431, 18, 3, 760, 178.39);
insert into merchandise values ('998grkk81','Mason Stoneware Canisters', 159.58, 117, 19, 12, 16, 153.84);
insert into merchandise values ('576cghq68','Hydrocotton Organic Quick-Dry Towels', 41.65, 994, 20, 6, 619, 28.11);
insert into merchandise values ('686sntp79','Belgian Flax Linen Waffle Duvet Cover', 358.2, 451, 21, 8, 303, 299.1);
insert into merchandise values ('875srbt72','Joshua Handcrafted Ceramic Vases', 259.3, 982, 22, 0, 619, 131.72);
insert into merchandise values ('316giht01','Anton Desktop Clock', 277.56, 747, 22, 19, 37, 267.57);


---for populating the credit_card table
---expand the size to 1500
.import 'C:\Users\Adele Liu\Documents\GitHub\project-yanjiel\p6\credit_card.csv' credit_card

---for populating the customer table
---expanding to 11,200 tuples
.import 'C:\Users\Adele Liu\Documents\GitHub\project-yanjiel\p6\customer.csv' customer

---for populating the cc_belong table
---expanding cc_belong table because of the expanded size of credit_card table
.import 'C:\Users\Adele Liu\Documents\GitHub\project-yanjiel\p6\cc_belong.csv' cc_belong

---for populating the orders table
---expanding the orders table to 22000
.import 'C:\Users\Adele Liu\Documents\GitHub\project-yanjiel\p6\orders.csv' orders

---for populating the order_merch table
---expanding the order_merch table to more than 50000
.import 'C:\Users\Adele Liu\Documents\GitHub\project-yanjiel\p6\order_merch.csv' order_merch

---for populating the in_cart table
insert into in_cart values (5240, '859inrz11', 6);
insert into in_cart values (2923, '836jwdj39', 19);
insert into in_cart values (2923, '045xyfk05', 3);
insert into in_cart values (8174, '633lcrx08', 1);
insert into in_cart values (8174, '859inrz11', 10);
insert into in_cart values (5095, '998grkk81', 1);
insert into in_cart values (5095, '686sntp79', 1);
insert into in_cart values (176, '606vjiw71', 9);
insert into in_cart values (176, '969qxog59', 1);
insert into in_cart values (8387, '836jwdj39', 20);
insert into in_cart values (8387, '423rjez54', 24);
insert into in_cart values (1360, '859inrz11', 15);
insert into in_cart values (1360, '969qxog59', 1);
insert into in_cart values (1360, '423rjez54', 18);
insert into in_cart values (10330, '922cukp61', 11);
insert into in_cart values (10330, '859inrz11', 9);
insert into in_cart values (1751, '512bnef70', 24);
insert into in_cart values (1751, '875srbt72', 1);
insert into in_cart values (10157, '207lgna78', 11);
insert into in_cart values (10157, '633lcrx08', 1);
insert into in_cart values (4460, '369lvjm99', 21);
insert into in_cart values (4460, '038hbqi58', 18);
insert into in_cart values (8425, '207lgna78', 20);
insert into in_cart values (8425, '045xyfk05', 8);
insert into in_cart values (8425, '316giht01', 1);
insert into in_cart values (5028, '764dllx23', 23);
insert into in_cart values (6656, '357ogpj14', 11);
insert into in_cart values (1921, '846xmhz12', 28);
insert into in_cart values (1921, '585bylo87', 20);
insert into in_cart values (1921, '729dgzp33', 6);
insert into in_cart values (8448, '824ywuv85', 18);
insert into in_cart values (86, '038hbqi58', 4);
insert into in_cart values (86, '045xyfk05', 1);
insert into in_cart values (9903, '769pkxt80', 38);
insert into in_cart values (3286, '316giht01', 1);
insert into in_cart values (3286, '686sntp79', 14);
insert into in_cart values (3286, '859inrz11', 6);
insert into in_cart values (9254, '512bnef70', 36);
insert into in_cart values (1807, '585bylo87', 22);
insert into in_cart values (1807, '369lvjm99', 6);
insert into in_cart values (1807, '045xyfk05', 11);
insert into in_cart values (326, '871hcks40', 1);
insert into in_cart values (326, '606vjiw71', 28);
insert into in_cart values (326, '581pfvo86', 3);
insert into in_cart values (3950, '998grkk81', 1);
insert into in_cart values (3950, '764dllx23', 5);
insert into in_cart values (9113, '512bnef70', 41);
insert into in_cart values (9113, '871hcks40', 9);
insert into in_cart values (3579, '876ibnh07', 30);
insert into in_cart values (3579, '207lgna78', 27);
insert into in_cart values (10964, '769pkxt80', 29);
insert into in_cart values (10964, '038hbqi58', 12);
insert into in_cart values (10964, '896nitw27', 1);
insert into in_cart values (5281, '316giht01', 1);
insert into in_cart values (5281, '619vweh85', 9);
insert into in_cart values (5281, '707aqiw80', 9);
insert into in_cart values (44, '764dllx23', 18);
insert into in_cart values (44, '045xyfk05', 4);
insert into in_cart values (44, '576cghq68', 24);
insert into in_cart values (8811, '606vjiw71', 18);
insert into in_cart values (9552, '585bylo87', 2);
insert into in_cart values (9936, '191lflu25', 12);
insert into in_cart values (9936, '833rnnn35', 6);
insert into in_cart values (9936, '512bnef70', 28);
insert into in_cart values (4875, '369lvjm99', 37);
insert into in_cart values (4875, '875srbt72', 11);
insert into in_cart values (9925, '922cukp61', 11);
insert into in_cart values (9724, '836jwdj39', 10);
insert into in_cart values (9724, '619vweh85', 21);
insert into in_cart values (9724, '357ogpj14', 2);
insert into in_cart values (3989, '871hcks40', 10);
insert into in_cart values (3989, '998grkk81', 1);
insert into in_cart values (3989, '369lvjm99', 27);
insert into in_cart values (2803, '038hbqi58', 12);
insert into in_cart values (9859, '038hbqi58', 6);
insert into in_cart values (9859, '764dllx23', 7);
insert into in_cart values (9859, '833rnnn35', 41);
insert into in_cart values (9456, '423rjez54', 9);
insert into in_cart values (9456, '038hbqi58', 13);
insert into in_cart values (1969, '633lcrx08', 1);
insert into in_cart values (1969, '871hcks40', 2);
insert into in_cart values (7105, '585bylo87', 13);
insert into in_cart values (7105, '998grkk81', 1);
insert into in_cart values (7105, '871hcks40', 4);
insert into in_cart values (4394, '686sntp79', 5);
insert into in_cart values (4394, '969qxog59', 2);
insert into in_cart values (5053, '686sntp79', 12);
insert into in_cart values (5053, '576cghq68', 19);
insert into in_cart values (2777, '729dgzp33', 5);
insert into in_cart values (4099, '316giht01', 1);
insert into in_cart values (4099, '512bnef70', 43);
insert into in_cart values (10362, '859inrz11', 16);
insert into in_cart values (1418, '824ywuv85', 3);
insert into in_cart values (1321, '769pkxt80', 39);
insert into in_cart values (7683, '606vjiw71', 13);
insert into in_cart values (7683, '896nitw27', 1);
insert into in_cart values (6257, '585bylo87', 21);
insert into in_cart values (6257, '729dgzp33', 9);
insert into in_cart values (6804, '606vjiw71', 10);
insert into in_cart values (6804, '836jwdj39', 11);
insert into in_cart values (7195, '423rjez54', 10);
insert into in_cart values (2505, '512bnef70', 34);
insert into in_cart values (2505, '606vjiw71', 16);
insert into in_cart values (8195, '764dllx23', 16);
insert into in_cart values (7216, '836jwdj39', 16);
insert into in_cart values (3114, '423rjez54', 4);
insert into in_cart values (3114, '357ogpj14', 11);
insert into in_cart values (5554, '038hbqi58', 13);
insert into in_cart values (5554, '423rjez54', 12);
insert into in_cart values (2199, '875srbt72', 11);
insert into in_cart values (3230, '357ogpj14', 6);
insert into in_cart values (10895, '207lgna78', 33);
insert into in_cart values (10103, '824ywuv85', 20);
insert into in_cart values (10103, '969qxog59', 1);
insert into in_cart values (10103, '833rnnn35', 19);
insert into in_cart values (5481, '619vweh85', 11);
insert into in_cart values (3489, '875srbt72', 3);
insert into in_cart values (3489, '859inrz11', 15);
insert into in_cart values (1814, '833rnnn35', 27);
insert into in_cart values (222, '045xyfk05', 9);
insert into in_cart values (5139, '871hcks40', 2);
insert into in_cart values (5139, '896nitw27', 10);
insert into in_cart values (9350, '207lgna78', 27);
insert into in_cart values (9350, '633lcrx08', 1);
insert into in_cart values (1289, '576cghq68', 11);
insert into in_cart values (3942, '312wyov10', 2);
insert into in_cart values (9881, '038hbqi58', 6);
insert into in_cart values (9881, '191lflu25', 16);
insert into in_cart values (9881, '998grkk81', 1);
insert into in_cart values (8892, '707aqiw80', 4);
insert into in_cart values (8010, '707aqiw80', 3);
insert into in_cart values (8010, '207lgna78', 30);
insert into in_cart values (6999, '769pkxt80', 6);
insert into in_cart values (8181, '606vjiw71', 12);
insert into in_cart values (8181, '764dllx23', 8);
insert into in_cart values (8181, '729dgzp33', 3);
insert into in_cart values (2534, '833rnnn35', 6);
insert into in_cart values (2534, '859inrz11', 6);
insert into in_cart values (2534, '357ogpj14', 4);
insert into in_cart values (8247, '686sntp79', 8);
insert into in_cart values (8247, '045xyfk05', 3);
insert into in_cart values (8247, '846xmhz12', 6);
insert into in_cart values (4383, '876ibnh07', 19);
insert into in_cart values (4383, '969qxog59', 2);
insert into in_cart values (4383, '316giht01', 1);
insert into in_cart values (9736, '576cghq68', 23);
insert into in_cart values (9736, '633lcrx08', 1);
insert into in_cart values (9736, '585bylo87', 5);
insert into in_cart values (6948, '764dllx23', 16);
insert into in_cart values (329, '824ywuv85', 10);
insert into in_cart values (329, '896nitw27', 9);
insert into in_cart values (9122, '633lcrx08', 1);
insert into in_cart values (9122, '969qxog59', 1);
insert into in_cart values (9122, '876ibnh07', 1);
insert into in_cart values (960, '707aqiw80', 9);
insert into in_cart values (1634, '664ierl24', 7);
insert into in_cart values (1634, '876ibnh07', 21);
insert into in_cart values (1634, '312wyov10', 4);
insert into in_cart values (7266, '316giht01', 1);
insert into in_cart values (1178, '875srbt72', 1);
insert into in_cart values (1178, '686sntp79', 2);
insert into in_cart values (1178, '729dgzp33', 17);
insert into in_cart values (7766, '896nitw27', 3);
insert into in_cart values (7125, '836jwdj39', 12);
insert into in_cart values (7125, '633lcrx08', 1);
insert into in_cart values (7125, '824ywuv85', 10);
insert into in_cart values (3915, '871hcks40', 11);
insert into in_cart values (3915, '207lgna78', 24);
insert into in_cart values (6946, '149ooxo25', 20);
insert into in_cart values (6946, '875srbt72', 24);
insert into in_cart values (1506, '998grkk81', 1);
insert into in_cart values (1079, '045xyfk05', 15);
insert into in_cart values (287, '316giht01', 1);
insert into in_cart values (287, '836jwdj39', 7);
insert into in_cart values (6544, '846xmhz12', 15);
insert into in_cart values (6544, '664ierl24', 10);
insert into in_cart values (143, '764dllx23', 15);
insert into in_cart values (143, '875srbt72', 13);
insert into in_cart values (4975, '998grkk81', 1);
insert into in_cart values (4975, '824ywuv85', 16);
insert into in_cart values (4975, '369lvjm99', 3);
insert into in_cart values (3704, '686sntp79', 1);
insert into in_cart values (3704, '729dgzp33', 7);
insert into in_cart values (5071, '619vweh85', 28);
insert into in_cart values (4335, '512bnef70', 10);
insert into in_cart values (4335, '149ooxo25', 35);
insert into in_cart values (4335, '576cghq68', 12);
insert into in_cart values (3452, '312wyov10', 4);
insert into in_cart values (8110, '512bnef70', 32);
insert into in_cart values (6359, '606vjiw71', 20);
insert into in_cart values (6359, '707aqiw80', 12);
insert into in_cart values (3447, '686sntp79', 9);
insert into in_cart values (750, '576cghq68', 5);
insert into in_cart values (7592, '585bylo87', 18);
insert into in_cart values (7592, '357ogpj14', 5);
insert into in_cart values (7592, '998grkk81', 1);
insert into in_cart values (5225, '423rjez54', 24);
insert into in_cart values (2522, '896nitw27', 10);
insert into in_cart values (2522, '585bylo87', 18);
insert into in_cart values (8970, '207lgna78', 42);
insert into in_cart values (2553, '769pkxt80', 5);
insert into in_cart values (2553, '357ogpj14', 11);
insert into in_cart values (2553, '045xyfk05', 10);
insert into in_cart values (6547, '729dgzp33', 10);
insert into in_cart values (6547, '876ibnh07', 24);
insert into in_cart values (9132, '922cukp61', 10);
insert into in_cart values (9132, '357ogpj14', 7);
insert into in_cart values (7612, '707aqiw80', 12);
insert into in_cart values (7612, '922cukp61', 3);
insert into in_cart values (7612, '357ogpj14', 11);
insert into in_cart values (9161, '875srbt72', 21);
insert into in_cart values (9161, '606vjiw71', 24);
insert into in_cart values (2352, '769pkxt80', 40);
insert into in_cart values (2352, '207lgna78', 45);
insert into in_cart values (7488, '836jwdj39', 17);
insert into in_cart values (7488, '369lvjm99', 40);
insert into in_cart values (10659, '969qxog59', 3);
insert into in_cart values (10659, '871hcks40', 4);
insert into in_cart values (10503, '316giht01', 1);
insert into in_cart values (10503, '619vweh85', 9);
insert into in_cart values (1980, '707aqiw80', 13);
insert into in_cart values (10684, '875srbt72', 11);
insert into in_cart values (10684, '686sntp79', 12);
insert into in_cart values (9387, '833rnnn35', 8);
insert into in_cart values (9387, '686sntp79', 10);
insert into in_cart values (9387, '664ierl24', 9);
insert into in_cart values (10704, '922cukp61', 10);
insert into in_cart values (10704, '369lvjm99', 20);
insert into in_cart values (10704, '512bnef70', 36);
insert into in_cart values (2778, '664ierl24', 8);
insert into in_cart values (2778, '824ywuv85', 13);
insert into in_cart values (2778, '316giht01', 1);
insert into in_cart values (6713, '969qxog59', 3);
insert into in_cart values (6713, '686sntp79', 6);
insert into in_cart values (6713, '369lvjm99', 45);
insert into in_cart values (7920, '633lcrx08', 1);
insert into in_cart values (7920, '312wyov10', 3);
insert into in_cart values (8916, '585bylo87', 15);
insert into in_cart values (8916, '764dllx23', 4);
insert into in_cart values (2828, '045xyfk05', 6);
insert into in_cart values (2828, '585bylo87', 19);
insert into in_cart values (2828, '846xmhz12', 8);
insert into in_cart values (9481, '769pkxt80', 40);
insert into in_cart values (10031, '581pfvo86', 7);
insert into in_cart values (10031, '833rnnn35', 6);
insert into in_cart values (10031, '191lflu25', 8);
insert into in_cart values (3218, '585bylo87', 18);
insert into in_cart values (3218, '045xyfk05', 14);
insert into in_cart values (3218, '846xmhz12', 22);
insert into in_cart values (4296, '038hbqi58', 14);
insert into in_cart values (4296, '369lvjm99', 42);
insert into in_cart values (9963, '824ywuv85', 16);
insert into in_cart values (9963, '876ibnh07', 21);
insert into in_cart values (9963, '045xyfk05', 14);
insert into in_cart values (2307, '045xyfk05', 10);
insert into in_cart values (2307, '312wyov10', 2);
insert into in_cart values (2786, '969qxog59', 1);
insert into in_cart values (7325, '824ywuv85', 12);
insert into in_cart values (7325, '729dgzp33', 12);
insert into in_cart values (7594, '729dgzp33', 5);
insert into in_cart values (7594, '581pfvo86', 3);
insert into in_cart values (7594, '191lflu25', 9);
insert into in_cart values (6019, '423rjez54', 11);
insert into in_cart values (906, '824ywuv85', 10);
insert into in_cart values (906, '875srbt72', 20);
insert into in_cart values (10450, '585bylo87', 12);
insert into in_cart values (10450, '769pkxt80', 20);
insert into in_cart values (1999, '859inrz11', 1);
insert into in_cart values (1999, '038hbqi58', 12);
insert into in_cart values (1999, '871hcks40', 7);
insert into in_cart values (5052, '846xmhz12', 6);
insert into in_cart values (5052, '423rjez54', 4);
insert into in_cart values (5052, '576cghq68', 10);
insert into in_cart values (2612, '896nitw27', 7);
insert into in_cart values (2612, '707aqiw80', 2);
insert into in_cart values (2612, '045xyfk05', 6);
insert into in_cart values (7871, '729dgzp33', 8);
insert into in_cart values (7871, '686sntp79', 9);
insert into in_cart values (7871, '707aqiw80', 5);
insert into in_cart values (4189, '875srbt72', 17);
insert into in_cart values (4189, '769pkxt80', 33);
insert into in_cart values (4516, '824ywuv85', 18);
insert into in_cart values (4516, '606vjiw71', 24);
insert into in_cart values (7344, '969qxog59', 3);
insert into in_cart values (4509, '512bnef70', 33);
insert into in_cart values (4509, '876ibnh07', 31);
insert into in_cart values (4509, '207lgna78', 33);
insert into in_cart values (5829, '729dgzp33', 17);
insert into in_cart values (5829, '836jwdj39', 2);
insert into in_cart values (5829, '581pfvo86', 3);
insert into in_cart values (5584, '423rjez54', 23);
insert into in_cart values (5584, '207lgna78', 38);
insert into in_cart values (5584, '633lcrx08', 1);
insert into in_cart values (7043, '633lcrx08', 1);
insert into in_cart values (7043, '896nitw27', 2);
insert into in_cart values (6408, '633lcrx08', 1);
insert into in_cart values (6408, '606vjiw71', 33);
insert into in_cart values (1857, '191lflu25', 1);
insert into in_cart values (1774, '859inrz11', 11);
insert into in_cart values (1774, '707aqiw80', 5);

---for populating the favorite table
insert into favorite values (1031, '896nitw27');
insert into favorite values (1938, '875srbt72');
insert into favorite values (1938, '207lgna78');
insert into favorite values (2332, '686sntp79');
insert into favorite values (2332, '207lgna78');
insert into favorite values (2332, '423rjez54');
insert into favorite values (4296, '833rnnn35');
insert into favorite values (4296, '922cukp61');
insert into favorite values (4779, '836jwdj39');
insert into favorite values (4779, '833rnnn35');
insert into favorite values (8684, '038hbqi58');
insert into favorite values (8684, '846xmhz12');
insert into favorite values (8684, '357ogpj14');
insert into favorite values (4658, '969qxog59');
insert into favorite values (4658, '585bylo87');
insert into favorite values (4756, '207lgna78');
insert into favorite values (4756, '836jwdj39');
insert into favorite values (4756, '846xmhz12');
insert into favorite values (9196, '664ierl24');
insert into favorite values (343, '512bnef70');
insert into favorite values (6804, '316giht01');
insert into favorite values (6804, '846xmhz12');
insert into favorite values (9715, '576cghq68');
insert into favorite values (9715, '633lcrx08');
insert into favorite values (8121, '969qxog59');
insert into favorite values (8121, '191lflu25');
insert into favorite values (10665, '707aqiw80');
insert into favorite values (10665, '312wyov10');
insert into favorite values (10665, '824ywuv85');
insert into favorite values (4328, '824ywuv85');
insert into favorite values (4328, '581pfvo86');
insert into favorite values (4328, '729dgzp33');
insert into favorite values (7658, '045xyfk05');
insert into favorite values (7658, '512bnef70');
insert into favorite values (1187, '581pfvo86');
insert into favorite values (1187, '316giht01');
insert into favorite values (1187, '633lcrx08');
insert into favorite values (5570, '606vjiw71');
insert into favorite values (5570, '876ibnh07');
insert into favorite values (5570, '312wyov10');
insert into favorite values (7784, '876ibnh07');
insert into favorite values (7784, '707aqiw80');
insert into favorite values (7784, '686sntp79');
insert into favorite values (11054, '316giht01');
insert into favorite values (11054, '045xyfk05');
insert into favorite values (11054, '576cghq68');
insert into favorite values (8737, '619vweh85');
insert into favorite values (8737, '369lvjm99');
insert into favorite values (8737, '846xmhz12');
insert into favorite values (7596, '859inrz11');
insert into favorite values (3944, '664ierl24');
insert into favorite values (3944, '207lgna78');
insert into favorite values (4042, '619vweh85');
insert into favorite values (4042, '664ierl24');
insert into favorite values (4042, '729dgzp33');
insert into favorite values (1780, '512bnef70');
insert into favorite values (10060, '707aqiw80');
insert into favorite values (10060, '764dllx23');
insert into favorite values (10060, '876ibnh07');
insert into favorite values (5033, '357ogpj14');
insert into favorite values (5033, '998grkk81');
insert into favorite values (2593, '512bnef70');
insert into favorite values (2593, '769pkxt80');
insert into favorite values (2593, '836jwdj39');
insert into favorite values (388, '149ooxo25');
insert into favorite values (388, '423rjez54');
insert into favorite values (2883, '606vjiw71');
insert into favorite values (2883, '769pkxt80');
insert into favorite values (8644, '922cukp61');
insert into favorite values (8644, '191lflu25');
insert into favorite values (8644, '357ogpj14');
insert into favorite values (2024, '859inrz11');
insert into favorite values (397, '764dllx23');
insert into favorite values (4353, '369lvjm99');
insert into favorite values (4353, '312wyov10');
insert into favorite values (4353, '998grkk81');
insert into favorite values (7659, '764dllx23');
insert into favorite values (1930, '045xyfk05');
insert into favorite values (8640, '729dgzp33');
insert into favorite values (8640, '576cghq68');
insert into favorite values (8640, '686sntp79');
insert into favorite values (9206, '581pfvo86');
insert into favorite values (9206, '191lflu25');
insert into favorite values (491, '922cukp61');
insert into favorite values (491, '191lflu25');
insert into favorite values (491, '998grkk81');
insert into favorite values (639, '045xyfk05');
insert into favorite values (4624, '191lflu25');
insert into favorite values (4624, '038hbqi58');
insert into favorite values (4624, '876ibnh07');
insert into favorite values (10035, '149ooxo25');
insert into favorite values (10035, '606vjiw71');
insert into favorite values (10035, '576cghq68');
insert into favorite values (359, '846xmhz12');
insert into favorite values (359, '316giht01');
insert into favorite values (2786, '581pfvo86');
insert into favorite values (8233, '664ierl24');
insert into favorite values (8233, '149ooxo25');
insert into favorite values (8233, '707aqiw80');
insert into favorite values (2152, '633lcrx08');
insert into favorite values (1934, '769pkxt80');
insert into favorite values (5755, '357ogpj14');
insert into favorite values (5755, '686sntp79');
insert into favorite values (4542, '606vjiw71');
insert into favorite values (4542, '423rjez54');
insert into favorite values (6430, '871hcks40');
insert into favorite values (6430, '633lcrx08');
insert into favorite values (6430, '833rnnn35');
insert into favorite values (2454, '836jwdj39');
insert into favorite values (1603, '191lflu25');
insert into favorite values (1603, '512bnef70');
insert into favorite values (8771, '581pfvo86');
insert into favorite values (5901, '729dgzp33');
insert into favorite values (5901, '896nitw27');
insert into favorite values (5901, '969qxog59');
insert into favorite values (2020, '357ogpj14');
insert into favorite values (2020, '729dgzp33');
insert into favorite values (2020, '369lvjm99');
insert into favorite values (1406, '619vweh85');
insert into favorite values (1406, '512bnef70');
insert into favorite values (1406, '922cukp61');
insert into favorite values (7860, '729dgzp33');
insert into favorite values (1233, '619vweh85');
insert into favorite values (10087, '824ywuv85');
insert into favorite values (2456, '423rjez54');
insert into favorite values (2456, '512bnef70');
insert into favorite values (2456, '836jwdj39');
insert into favorite values (2384, '969qxog59');
insert into favorite values (2384, '824ywuv85');
insert into favorite values (828, '859inrz11');
insert into favorite values (828, '357ogpj14');
insert into favorite values (8783, '207lgna78');
insert into favorite values (3116, '606vjiw71');
insert into favorite values (10541, '423rjez54');
insert into favorite values (10541, '769pkxt80');
insert into favorite values (3011, '581pfvo86');
insert into favorite values (9844, '871hcks40');
insert into favorite values (9844, '312wyov10');
insert into favorite values (9844, '833rnnn35');
insert into favorite values (1434, '833rnnn35');
insert into favorite values (1434, '859inrz11');
insert into favorite values (1434, '824ywuv85');
insert into favorite values (8059, '875srbt72');
insert into favorite values (3584, '686sntp79');
insert into favorite values (3584, '998grkk81');
insert into favorite values (3584, '357ogpj14');
insert into favorite values (7380, '619vweh85');
insert into favorite values (7580, '896nitw27');
insert into favorite values (7580, '875srbt72');
insert into favorite values (7580, '846xmhz12');
insert into favorite values (1556, '824ywuv85');
insert into favorite values (1491, '312wyov10');
insert into favorite values (1491, '606vjiw71');
insert into favorite values (5016, '707aqiw80');
insert into favorite values (5016, '875srbt72');
insert into favorite values (5016, '038hbqi58');
insert into favorite values (5850, '576cghq68');
insert into favorite values (9534, '836jwdj39');
insert into favorite values (9534, '876ibnh07');
insert into favorite values (9534, '512bnef70');
insert into favorite values (10812, '576cghq68');
insert into favorite values (2085, '729dgzp33');
insert into favorite values (2085, '859inrz11');
insert into favorite values (2085, '833rnnn35');
insert into favorite values (7552, '576cghq68');
insert into favorite values (7552, '512bnef70');
insert into favorite values (5811, '357ogpj14');
insert into favorite values (2332, '619vweh85');
insert into favorite values (2332, '038hbqi58');
insert into favorite values (2332, '764dllx23');
insert into favorite values (1817, '149ooxo25');
insert into favorite values (2543, '664ierl24');
insert into favorite values (5529, '191lflu25');
insert into favorite values (5529, '664ierl24');
insert into favorite values (5529, '606vjiw71');
insert into favorite values (6481, '149ooxo25');
insert into favorite values (3263, '836jwdj39');
insert into favorite values (4502, '149ooxo25');
insert into favorite values (11104, '423rjez54');
insert into favorite values (11104, '512bnef70');
insert into favorite values (11104, '833rnnn35');
insert into favorite values (2655, '585bylo87');
insert into favorite values (3338, '846xmhz12');
insert into favorite values (8258, '045xyfk05');
insert into favorite values (5869, '664ierl24');
insert into favorite values (5869, '045xyfk05');
insert into favorite values (5869, '922cukp61');
insert into favorite values (8970, '512bnef70');
insert into favorite values (8970, '316giht01');
insert into favorite values (4179, '729dgzp33');
insert into favorite values (5099, '836jwdj39');
insert into favorite values (5099, '998grkk81');
insert into favorite values (451, '875srbt72');
insert into favorite values (451, '207lgna78');
insert into favorite values (6198, '876ibnh07');
insert into favorite values (5425, '038hbqi58');
insert into favorite values (5425, '207lgna78');
insert into favorite values (5425, '824ywuv85');
insert into favorite values (2349, '836jwdj39');
insert into favorite values (2349, '606vjiw71');
insert into favorite values (2349, '875srbt72');
insert into favorite values (9491, '581pfvo86');
insert into favorite values (9491, '149ooxo25');
insert into favorite values (9491, '896nitw27');

---for populating the review table
insert into review values (8160, '316giht01', 4.0);
insert into review values (9306, '038hbqi58', 4.0);
insert into review values (4747, '686sntp79', 3.0);
insert into review values (163, '729dgzp33', 4.0);
insert into review values (8794, '859inrz11', 2.0);
insert into review values (8794, '922cukp61', 3.5);
insert into review values (10213, '876ibnh07', 2.0);
insert into review values (5471, '633lcrx08', 3.0);
insert into review values (5471, '875srbt72', 2.5);
insert into review values (6018, '846xmhz12', 1.5);
insert into review values (9628, '207lgna78', 2.5);
insert into review values (9628, '922cukp61', 5.0);
insert into review values (1793, '423rjez54', 4.0);
insert into review values (1793, '207lgna78', 1.5);
insert into review values (4581, '686sntp79', 1.0);
insert into review values (6910, '357ogpj14', 2.5);
insert into review values (8751, '357ogpj14', 2.0);
insert into review values (10927, '357ogpj14', 3.5);
insert into review values (10927, '824ywuv85', 0.5);
insert into review values (63, '896nitw27', 3.0);
insert into review values (11196, '969qxog59', 3.0);
insert into review values (11196, '922cukp61', 0.5);
insert into review values (1928, '764dllx23', 2.5);
insert into review values (1928, '045xyfk05', 2.0);
insert into review values (5687, '581pfvo86', 3.5);
insert into review values (5687, '824ywuv85', 2.5);
insert into review values (1309, '875srbt72', 1.5);
insert into review values (1309, '664ierl24', 0.5);
insert into review values (6780, '369lvjm99', 3.5);
insert into review values (6780, '312wyov10', 1.5);
insert into review values (6389, '833rnnn35', 4.5);
insert into review values (6389, '357ogpj14', 2.0);
insert into review values (894, '606vjiw71', 2.0);
insert into review values (4947, '824ywuv85', 5.0);
insert into review values (8785, '576cghq68', 1.5);
insert into review values (8785, '846xmhz12', 2.5);
insert into review values (8476, '969qxog59', 1.5);
insert into review values (8476, '769pkxt80', 2.0);
insert into review values (7736, '512bnef70', 3.5);
insert into review values (7822, '875srbt72', 2.0);
insert into review values (7822, '619vweh85', 4.0);
insert into review values (2838, '357ogpj14', 0.5);
insert into review values (1648, '316giht01', 1.5);
insert into review values (1648, '045xyfk05', 2.0);
insert into review values (426, '316giht01', 1.0);
insert into review values (426, '833rnnn35', 2.5);
insert into review values (10402, '969qxog59', 4.0);
insert into review values (10402, '512bnef70', 1.5);
insert into review values (7688, '191lflu25', 2.5);
insert into review values (7688, '686sntp79', 4.0);
insert into review values (2381, '769pkxt80', 4.0);
insert into review values (1422, '846xmhz12', 4.0);
insert into review values (271, '423rjez54', 4.0);
insert into review values (271, '824ywuv85', 1.0);
insert into review values (1964, '581pfvo86', 3.0);
insert into review values (1136, '998grkk81', 5.0);
insert into review values (1136, '769pkxt80', 4.5);
insert into review values (8745, '875srbt72', 2.5);
insert into review values (8745, '633lcrx08', 4.0);
insert into review values (10756, '581pfvo86', 4.5);
insert into review values (10756, '512bnef70', 3.0);
insert into review values (6418, '833rnnn35', 3.0);
insert into review values (1017, '423rjez54', 4.5);
insert into review values (1017, '038hbqi58', 2.0);
insert into review values (7572, '922cukp61', 4.5);
insert into review values (7572, '045xyfk05', 0.5);
insert into review values (6793, '512bnef70', 2.0);
insert into review values (3075, '312wyov10', 4.5);
insert into review values (3075, '423rjez54', 1.0);
insert into review values (950, '581pfvo86', 1.5);
insert into review values (950, '875srbt72', 0.5);
insert into review values (1897, '664ierl24', 1.5);
insert into review values (1897, '686sntp79', 0.5);
insert into review values (1814, '836jwdj39', 2.5);
insert into review values (1814, '357ogpj14', 2.0);
insert into review values (4611, '045xyfk05', 2.0);
insert into review values (4611, '998grkk81', 1.0);
insert into review values (4898, '846xmhz12', 4.5);
insert into review values (4898, '876ibnh07', 2.5);
insert into review values (6024, '357ogpj14', 3.5);
insert into review values (4814, '876ibnh07', 3.5);
insert into review values (4814, '576cghq68', 4.5);
insert into review values (10282, '769pkxt80', 4.0);
insert into review values (5224, '316giht01', 0.5);
insert into review values (5224, '859inrz11', 5.0);
insert into review values (7039, '896nitw27', 2.0);
insert into review values (7039, '045xyfk05', 3.5);
insert into review values (2041, '729dgzp33', 3.5);
insert into review values (2041, '846xmhz12', 5.0);
insert into review values (1119, '833rnnn35', 4.0);
insert into review values (10436, '833rnnn35', 1.5);
insert into review values (10436, '969qxog59', 5.0);
insert into review values (11182, '606vjiw71', 4.5);
insert into review values (11182, '423rjez54', 4.0);
insert into review values (9676, '423rjez54', 4.5);
insert into review values (471, '633lcrx08', 3.0);
insert into review values (471, '871hcks40', 1.5);
insert into review values (6542, '824ywuv85', 3.0);
insert into review values (5657, '585bylo87', 2.5);
insert into review values (5657, '707aqiw80', 3.0);
insert into review values (634, '357ogpj14', 1.0);
insert into review values (634, '686sntp79', 5.0);
insert into review values (2028, '316giht01', 2.0);
insert into review values (6424, '606vjiw71', 0.5);
insert into review values (6424, '585bylo87', 3.5);
insert into review values (9221, '191lflu25', 1.0);
insert into review values (10988, '038hbqi58', 1.5);
insert into review values (1467, '859inrz11', 1.0);
insert into review values (5072, '686sntp79', 2.5);
insert into review values (3059, '875srbt72', 4.5);
insert into review values (3059, '707aqiw80', 5.0);
insert into review values (8443, '875srbt72', 2.5);
insert into review values (8443, '581pfvo86', 3.0);
insert into review values (3436, '707aqiw80', 2.0);
insert into review values (3436, '369lvjm99', 4.0);
insert into review values (475, '369lvjm99', 3.5);
insert into review values (455, '312wyov10', 1.5);
insert into review values (8898, '576cghq68', 4.0);
insert into review values (8300, '619vweh85', 1.5);
insert into review values (8300, '922cukp61', 1.5);
insert into review values (11197, '896nitw27', 4.5);
insert into review values (1780, '922cukp61', 2.0);
insert into review values (5245, '606vjiw71', 1.5);
insert into review values (8142, '876ibnh07', 2.0);
insert into review values (8142, '846xmhz12', 2.5);
insert into review values (9381, '686sntp79', 0.5);
insert into review values (619, '576cghq68', 3.5);
insert into review values (4794, '876ibnh07', 5.0);
insert into review values (8687, '633lcrx08', 4.5);
insert into review values (8687, '836jwdj39', 5.0);
insert into review values (5339, '038hbqi58', 3.5);
insert into review values (4347, '633lcrx08', 4.0);
insert into review values (4347, '512bnef70', 5.0);
insert into review values (5545, '191lflu25', 1.5);
insert into review values (2632, '769pkxt80', 4.0);
insert into review values (2632, '922cukp61', 5.0);
insert into review values (9918, '581pfvo86', 2.0);
insert into review values (9918, '846xmhz12', 1.5);
insert into review values (10709, '633lcrx08', 1.5);
insert into review values (6905, '038hbqi58', 0.5);
insert into review values (6905, '312wyov10', 1.0);
insert into review values (1350, '357ogpj14', 2.5);
insert into review values (1350, '664ierl24', 1.5);
insert into review values (10687, '207lgna78', 1.5);
insert into review values (5833, '585bylo87', 1.0);
insert into review values (209, '316giht01', 1.0);
insert into review values (6234, '423rjez54', 2.0);
insert into review values (6234, '357ogpj14', 2.0);
insert into review values (2126, '922cukp61', 5.0);
insert into review values (6344, '633lcrx08', 1.0);
insert into review values (6344, '764dllx23', 3.0);
insert into review values (5803, '998grkk81', 3.5);
insert into review values (7538, '707aqiw80', 4.0);
insert into review values (2418, '316giht01', 2.5);
insert into review values (2418, '619vweh85', 1.0);
insert into review values (7389, '312wyov10', 4.0);
insert into review values (7389, '836jwdj39', 5.0);
insert into review values (4370, '764dllx23', 3.0);
insert into review values (4370, '369lvjm99', 4.0);
insert into review values (6675, '423rjez54', 0.5);
insert into review values (9041, '149ooxo25', 2.0);
insert into review values (9000, '585bylo87', 1.5);
insert into review values (9000, '369lvjm99', 5.0);
insert into review values (2044, '369lvjm99', 4.0);
insert into review values (3137, '764dllx23', 2.5);
insert into review values (3137, '312wyov10', 5.0);
insert into review values (7048, '576cghq68', 4.0);
insert into review values (7048, '423rjez54', 3.5);
insert into review values (3631, '764dllx23', 0.5);
insert into review values (7872, '875srbt72', 1.0);
insert into review values (7872, '846xmhz12', 0.5);
insert into review values (335, '836jwdj39', 4.0);
insert into review values (11096, '512bnef70', 5.0);
insert into review values (6564, '769pkxt80', 2.0);
insert into review values (6564, '836jwdj39', 3.0);
insert into review values (2701, '316giht01', 3.0);
insert into review values (2787, '876ibnh07', 2.0);
insert into review values (6870, '512bnef70', 5.0);
insert into review values (6870, '619vweh85', 1.5);
insert into review values (10036, '833rnnn35', 4.5);
insert into review values (7655, '191lflu25', 2.5);
insert into review values (7655, '764dllx23', 1.5);
insert into review values (9501, '824ywuv85', 0.5);

